TransactionID,AccountID,TransactionAmount,TransactionType,Channel,DeviceType,LoginAttempts,AccountBalance,Fraud
100001,C103,20582.72,Debit,Online,Desktop,2,15570.27,0
100002,C180,114953.26,Credit,Online,Mobile,1,37362.68,0
100003,C093,46767.97,Debit,ATM,Desktop,1,20982.8,0
100004,C015,14009.06,Credit,Mobile,Mobile,2,69609.92,0
100005,C107,34482.44,Credit,Online,Desktop,3,94426.46,0
100006,C072,20049.89,Debit,Online,Mobile,4,99551.55,1
100007,C189,135672.1,Credit,Online,Desktop,1,45082.65,0
100008,C021,378.14,Debit,Online,Mobile,1,25327.79,0
100009,C103,12766.09,Debit,ATM,Desktop,3,44338.65,0
100010,C122,22734.62,Debit,ATM,Desktop,3,84742.21,0
100011,C075,33452.96,Debit,Mobile,Desktop,1,20679.97,0
100012,C088,95129.25,Debit,ATM,Desktop,3,95214.36,0
100013,C117,4599.6,Debit,Online,Desktop,4,34252.39,1
100014,C100,81960.05,Debit,Mobile,Mobile,1,98581.79,0
100015,C104,2863.11,Debit,ATM,Mobile,4,83877.03,1
100016,C152,92357.49,Debit,Online,Mobile,4,80876.2,1
100017,C131,2650.82,Credit,Online,Desktop,3,31858.68,0
100018,C150,920.55,Debit,Online,Desktop,4,976.84,1
100019,C053,59694.76,Debit,ATM,Mobile,3,38275.08,0
100020,C002,294908.45,Credit,ATM,Desktop,2,30250.76,1
100021,C088,113462.48,Debit,Online,Desktop,3,3835.96,0
100022,C158,42900.9,Debit,Mobile,Desktop,4,50585.99,1
100023,C038,124684.62,Debit,Online,Mobile,2,40362.83,0
100024,C130,265.71,Debit,Online,Mobile,3,63492.19,0
100025,C192,184578.48,Credit,ATM,Mobile,4,62156.51,1
100026,C188,33740.69,Debit,Online,Desktop,1,12162.59,0
100027,C021,64168.14,Credit,ATM,Mobile,1,97698.86,0
100028,C161,85979.79,Debit,Mobile,Mobile,3,18774.45,0
100029,C058,63373.55,Debit,Mobile,Desktop,3,44582.88,0
100030,C022,38289.84,Debit,Online,Desktop,1,48862.94,0
100031,C089,32372.33,Debit,Mobile,Desktop,4,81324.97,1
100032,C049,91188.07,Debit,ATM,Mobile,4,10013.04,1
100033,C059,11475.54,Credit,Online,Mobile,4,42921.56,1
100034,C170,172091.7,Credit,ATM,Desktop,3,62887.37,1
100035,C188,62058.21,Debit,Mobile,Mobile,2,21594.05,0
100036,C015,11126.37,Credit,ATM,Mobile,2,62784.04,0
100037,C190,66637.15,Credit,Online,Mobile,2,92374.12,0
100038,C190,37734.11,Debit,Mobile,Mobile,2,99752.06,0
100039,C175,61418.41,Debit,ATM,Mobile,2,3341.86,0
100040,C190,73003.4,Debit,ATM,Mobile,3,23635.26,0
100041,C051,4566.86,Debit,Online,Mobile,3,31099.68,0
100042,C108,35271.51,Debit,Online,Mobile,2,39972.7,0
100043,C055,134422.93,Debit,ATM,Desktop,3,24301.49,0
100044,C064,19330.37,Credit,ATM,Mobile,3,20428.45,0
100045,C131,45055.71,Debit,ATM,Desktop,2,95459.93,0
100046,C051,23040.74,Debit,Mobile,Mobile,4,91860.31,1
100047,C135,30281.36,Credit,Online,Mobile,3,4794.55,0
100048,C021,39770.42,Credit,ATM,Desktop,4,33947.42,1
100049,C073,39805.75,Debit,ATM,Mobile,3,40574.34,0
100050,C167,11265.45,Credit,ATM,Mobile,3,23977.55,0
100051,C018,57691.17,Debit,ATM,Mobile,2,62924.4,0
100052,C132,4598.53,Debit,Online,Desktop,3,64074.04,0
100053,C089,7472.86,Debit,ATM,Mobile,1,85065.37,0
100054,C060,135.73,Debit,ATM,Mobile,1,74112.84,0
100055,C014,6204.3,Debit,Online,Desktop,2,54303.08,0
100056,C009,32043.51,Debit,ATM,Mobile,4,65393.32,1
100057,C090,46583.15,Debit,Online,Mobile,4,27471.48,1
100058,C053,79064.26,Debit,Online,Mobile,4,59346.31,1
100059,C130,5641.6,Debit,Online,Desktop,1,48973.8,0
100060,C084,95099.08,Credit,Online,Mobile,4,13421.11,1
100061,C092,68516.04,Debit,Online,Mobile,4,24330.17,1
100062,C111,26256.23,Debit,Mobile,Mobile,2,29240.18,0
100063,C188,135106.94,Debit,Online,Desktop,4,92438.53,1
100064,C199,235136.26,Debit,Online,Mobile,1,23115.63,1
100065,C172,11470.77,Debit,Mobile,Desktop,1,28995.47,0
100066,C008,23839.62,Credit,Online,Mobile,1,36998.48,0
100067,C175,130489.1,Debit,ATM,Desktop,2,66407.9,0
100068,C035,63934.2,Debit,ATM,Desktop,2,11912.02,0
100069,C081,2464.48,Debit,ATM,Mobile,3,95399.13,0
100070,C164,76051.78,Debit,Mobile,Mobile,4,86570.56,1
100071,C050,87995.86,Debit,Online,Mobile,2,57763.89,0
100072,C104,69415.2,Debit,Mobile,Mobile,1,67436.38,0
100073,C132,80356.31,Debit,Online,Desktop,1,1764.38,0
100074,C002,87186.39,Debit,Online,Mobile,2,33960.58,0
100075,C134,10314.63,Debit,ATM,Mobile,2,79586.46,0
100076,C054,13439.2,Debit,Online,Mobile,2,7840.55,0
100077,C106,50223.13,Credit,Online,Desktop,3,28303.15,0
100078,C004,119225.63,Credit,Mobile,Mobile,1,58571.15,0
100079,C054,19004.24,Credit,ATM,Mobile,3,25715.66,0
100080,C191,44373.83,Debit,Online,Mobile,3,93404.4,0
100081,C146,57439.85,Debit,Online,Desktop,4,13192.76,1
100082,C044,30069.31,Debit,Online,Desktop,1,79759.7,0
100083,C162,62550.16,Debit,Online,Mobile,1,50844.07,0
100084,C190,114963.25,Debit,Online,Mobile,2,75058.04,0
100085,C014,48921.81,Debit,ATM,Mobile,2,31140.46,0
100086,C095,38802.65,Debit,Online,Mobile,4,51497.51,1
100087,C048,28878.97,Credit,Online,Desktop,3,85697.85,0
100088,C015,43076.67,Debit,Mobile,Desktop,2,46741.12,0
100089,C190,21953.35,Debit,Mobile,Mobile,2,36036.01,0
100090,C040,24836.45,Debit,ATM,Desktop,1,53661.92,0
100091,C082,37949.12,Credit,ATM,Mobile,1,71764.54,0
100092,C111,3447.1,Debit,Mobile,Desktop,2,44411.98,0
100093,C053,13004.99,Debit,Online,Desktop,1,93893.81,0
100094,C024,39137.11,Debit,Mobile,Mobile,4,29565.09,1
100095,C154,28240.17,Debit,ATM,Desktop,2,47598.81,0
100096,C188,20234.45,Debit,Online,Mobile,1,75717.07,0
100097,C124,65568.46,Credit,Mobile,Mobile,4,68943.2,1
100098,C041,59162.39,Debit,Mobile,Mobile,1,86377.74,0
100099,C157,9119.92,Debit,ATM,Mobile,1,99681.24,0
100100,C015,105445.21,Debit,Online,Desktop,1,42743.15,0
100101,C045,34201.8,Debit,Online,Desktop,2,11203.97,0
100102,C065,67635.42,Debit,ATM,Desktop,3,3138.55,0
100103,C089,42566.23,Debit,Online,Desktop,1,72715.0,0
100104,C071,303582.04,Debit,Online,Desktop,4,87413.97,1
100105,C009,69797.67,Debit,Mobile,Mobile,2,22149.19,0
100106,C088,61375.8,Debit,Online,Mobile,2,15928.96,0
100107,C129,75382.88,Debit,ATM,Mobile,4,6314.29,1
100108,C136,7723.34,Debit,ATM,Desktop,1,82288.02,0
100109,C063,11442.02,Credit,Online,Desktop,3,31207.06,0
100110,C139,62599.38,Debit,ATM,Mobile,1,40229.52,0
100111,C081,34059.1,Debit,Online,Desktop,4,50324.74,1
100112,C136,70250.48,Credit,ATM,Desktop,2,83961.38,0
100113,C163,5430.29,Debit,Mobile,Mobile,3,65118.24,0
100114,C163,38445.43,Credit,Mobile,Mobile,2,61544.96,0
100115,C033,23806.85,Debit,Online,Mobile,4,17649.64,1
100116,C123,30532.32,Credit,Mobile,Mobile,1,51367.67,0
100117,C005,46311.73,Debit,Online,Mobile,3,71566.56,0
100118,C041,34886.72,Debit,Online,Mobile,2,97328.76,0
100119,C028,38811.29,Debit,ATM,Mobile,2,20220.49,0
100120,C135,33311.39,Credit,Online,Mobile,2,1053.38,0
100121,C072,26293.17,Credit,Online,Desktop,1,7622.61,0
100122,C012,73894.61,Debit,Mobile,Mobile,3,37647.66,0
100123,C162,613.91,Debit,Online,Desktop,1,82072.41,0
100124,C033,45620.25,Credit,Mobile,Mobile,1,813.49,0
100125,C048,41678.93,Debit,Online,Mobile,1,45727.39,0
100126,C151,62970.59,Credit,ATM,Desktop,4,32990.14,1
100127,C062,45693.35,Credit,Mobile,Mobile,4,5342.92,1
100128,C037,87665.08,Debit,Online,Mobile,4,45078.61,1
100129,C099,159800.46,Debit,ATM,Desktop,3,25549.4,1
100130,C172,20967.37,Debit,Online,Mobile,1,35253.29,0
100131,C104,12896.52,Debit,ATM,Mobile,1,70590.97,0
100132,C035,27547.4,Credit,Online,Mobile,4,52202.94,1
100133,C193,16978.93,Debit,Online,Mobile,1,12552.28,0
100134,C101,47719.14,Credit,Online,Mobile,1,96145.31,0
100135,C175,121437.13,Debit,Mobile,Mobile,2,63627.49,0
100136,C131,7489.79,Credit,Online,Desktop,1,76610.26,0
100137,C001,5312.19,Debit,ATM,Desktop,2,8013.39,0
100138,C005,14786.76,Debit,Online,Desktop,1,4801.13,0
100139,C142,64748.8,Debit,Mobile,Desktop,3,2042.86,0
100140,C103,44942.55,Credit,ATM,Desktop,4,18960.52,1
100141,C027,5391.1,Debit,ATM,Mobile,2,41499.4,0
100142,C137,125511.54,Credit,ATM,Desktop,4,93589.03,1
100143,C015,78052.54,Debit,ATM,Desktop,2,45760.26,0
100144,C090,1164.59,Debit,Mobile,Desktop,2,29096.49,0
100145,C042,52686.8,Debit,Online,Mobile,2,56237.33,0
100146,C124,73755.55,Debit,ATM,Mobile,3,11282.26,0
100147,C179,23455.03,Debit,Online,Mobile,1,60989.64,0
100148,C063,3570.59,Credit,ATM,Desktop,2,56886.35,0
100149,C096,4023.7,Credit,Mobile,Mobile,3,79220.1,0
100150,C052,5504.53,Credit,Mobile,Desktop,2,98670.09,0
100151,C096,91766.65,Credit,ATM,Mobile,1,25162.26,0
100152,C132,120779.96,Debit,Mobile,Mobile,2,51014.68,0
100153,C151,6551.63,Debit,Online,Mobile,3,90895.65,0
100154,C143,13453.23,Debit,ATM,Mobile,1,78540.47,0
100155,C171,9047.36,Credit,ATM,Mobile,3,48791.89,0
100156,C029,10309.46,Debit,Online,Mobile,1,94542.63,0
100157,C036,90851.03,Debit,Online,Desktop,1,5817.95,0
100158,C013,20184.32,Debit,Mobile,Mobile,4,93106.76,1
100159,C160,18657.95,Debit,Online,Mobile,4,5145.69,1
100160,C071,12899.41,Credit,Mobile,Desktop,4,54775.74,1
100161,C187,46811.2,Credit,Online,Desktop,1,89055.05,0
100162,C086,23845.83,Debit,Mobile,Desktop,2,26345.82,0
100163,C028,68177.68,Credit,Online,Mobile,3,47277.63,0
100164,C066,11507.14,Debit,ATM,Desktop,3,32500.46,0
100165,C170,77508.92,Debit,Online,Desktop,3,95219.18,0
100166,C045,46281.91,Debit,Mobile,Mobile,4,82382.19,1
100167,C062,6067.0,Debit,ATM,Mobile,1,70929.25,0
100168,C185,26764.85,Debit,Mobile,Mobile,4,58803.94,1
100169,C134,99578.18,Credit,ATM,Mobile,2,82077.12,0
100170,C028,128171.68,Debit,Online,Desktop,1,39287.48,0
100171,C028,31339.9,Credit,Mobile,Mobile,3,44810.43,0
100172,C108,32776.87,Debit,ATM,Desktop,4,73027.17,1
100173,C044,125329.84,Debit,ATM,Mobile,4,35839.7,1
100174,C084,44223.64,Debit,Online,Mobile,2,6483.7,0
100175,C030,1669.91,Debit,Mobile,Mobile,2,7526.03,0
100176,C190,121948.58,Debit,ATM,Mobile,4,11624.74,1
100177,C075,14266.01,Credit,Mobile,Desktop,2,86981.16,0
100178,C128,43093.91,Debit,ATM,Desktop,3,47275.42,0
100179,C092,9046.92,Debit,Mobile,Mobile,2,71316.95,0
100180,C190,1723.32,Debit,Mobile,Mobile,2,39351.64,0
100181,C129,18660.05,Debit,Online,Mobile,4,25945.22,1
100182,C121,75819.17,Debit,Online,Desktop,4,34784.5,1
100183,C027,16257.93,Debit,Online,Mobile,1,79438.82,0
100184,C190,12429.3,Debit,Online,Mobile,1,62559.09,0
100185,C121,11956.08,Debit,ATM,Desktop,4,93770.21,1
100186,C116,36198.23,Debit,ATM,Desktop,2,68002.51,0
100187,C003,185538.5,Debit,ATM,Mobile,2,57061.15,1
100188,C103,30715.78,Debit,Online,Mobile,1,61058.58,0
100189,C198,40743.75,Debit,ATM,Desktop,1,94242.91,0
100190,C155,98531.87,Credit,Online,Desktop,1,78841.27,0
100191,C137,38293.39,Debit,Mobile,Mobile,3,2501.72,0
100192,C062,10195.42,Debit,ATM,Desktop,3,53460.56,0
100193,C165,17804.89,Debit,Online,Desktop,1,68865.01,0
100194,C051,18548.61,Credit,Online,Mobile,2,74894.98,0
100195,C172,25318.29,Debit,Mobile,Mobile,1,21392.9,0
100196,C152,27825.06,Debit,Mobile,Mobile,3,86731.02,0
100197,C059,80417.43,Credit,Mobile,Desktop,2,95588.73,0
100198,C118,21492.01,Debit,Mobile,Mobile,3,23747.86,0
100199,C160,31577.38,Debit,ATM,Desktop,2,88273.28,0
100200,C096,49038.26,Debit,Mobile,Desktop,3,9788.18,0
100201,C180,23718.73,Debit,Online,Mobile,2,5665.11,0
100202,C113,90566.94,Credit,ATM,Desktop,2,13009.46,0
100203,C062,44270.33,Credit,Mobile,Desktop,2,5868.33,0
100204,C186,17410.17,Debit,ATM,Mobile,2,84516.72,0
100205,C052,62598.52,Debit,Online,Mobile,4,5999.11,1
100206,C012,37501.51,Debit,ATM,Mobile,3,27239.25,0
100207,C039,38227.42,Debit,Online,Desktop,3,10465.26,0
100208,C130,32801.04,Credit,Online,Desktop,4,29612.66,1
100209,C131,34359.44,Debit,Online,Mobile,2,9146.89,0
100210,C113,72484.35,Debit,Online,Desktop,2,66833.52,0
100211,C101,5433.94,Credit,ATM,Mobile,3,13419.35,0
100212,C113,20350.53,Debit,Mobile,Mobile,4,85199.41,1
100213,C184,3925.29,Debit,ATM,Mobile,2,81737.39,0
100214,C081,69968.21,Debit,Online,Mobile,2,1464.8,0
100215,C187,15893.45,Credit,Mobile,Mobile,2,89583.06,0
100216,C113,113860.69,Debit,Mobile,Mobile,1,2991.54,0
100217,C002,37388.45,Debit,Online,Mobile,4,24040.61,1
100218,C130,80659.69,Debit,Online,Desktop,2,3335.67,0
100219,C054,192998.66,Debit,Mobile,Mobile,1,33650.76,1
100220,C087,91563.14,Credit,Mobile,Mobile,4,51435.27,1
100221,C129,100867.96,Credit,Online,Mobile,2,79684.82,0
100222,C147,26211.12,Debit,ATM,Desktop,3,33864.36,0
100223,C126,40117.15,Debit,ATM,Mobile,1,70578.45,0
100224,C130,14644.02,Debit,ATM,Mobile,1,18831.7,0
100225,C053,10914.83,Debit,Online,Desktop,2,75084.79,0
100226,C172,35211.2,Debit,ATM,Mobile,2,23676.06,0
100227,C160,45199.46,Credit,Online,Mobile,1,14440.12,0
100228,C198,20720.59,Debit,ATM,Desktop,3,18622.34,0
100229,C160,42133.84,Debit,ATM,Mobile,3,18288.11,0
100230,C068,109222.54,Debit,Mobile,Mobile,4,51335.0,1
100231,C183,40677.86,Credit,Online,Mobile,2,84495.28,0
100232,C184,63793.69,Credit,ATM,Mobile,3,8052.55,0
100233,C123,81818.61,Credit,Mobile,Mobile,4,70724.94,1
100234,C145,224275.14,Debit,ATM,Mobile,3,65469.21,1
100235,C038,46215.82,Debit,Online,Mobile,2,87264.74,0
100236,C024,82214.45,Credit,Online,Mobile,4,24490.34,1
100237,C069,164370.21,Debit,ATM,Desktop,4,45065.97,1
100238,C116,144487.35,Debit,Mobile,Mobile,4,92590.15,1
100239,C098,7604.08,Credit,Online,Mobile,3,66033.35,0
100240,C198,26076.83,Credit,Online,Desktop,2,38937.96,0
100241,C139,19577.38,Debit,ATM,Desktop,4,13228.1,1
100242,C144,4546.86,Debit,ATM,Mobile,1,26322.25,0
100243,C097,50152.49,Debit,Mobile,Desktop,2,58163.43,0
100244,C124,66572.25,Debit,ATM,Mobile,1,71844.98,0
100245,C187,94235.89,Debit,Online,Mobile,1,12529.75,0
100246,C070,6549.7,Credit,Online,Desktop,4,59999.77,1
100247,C093,104553.07,Credit,Online,Mobile,4,55080.09,1
100248,C003,51490.55,Credit,ATM,Mobile,3,51444.15,0
100249,C148,60860.69,Debit,ATM,Mobile,3,69043.3,0
100250,C187,120745.16,Credit,Online,Mobile,3,83761.21,0
100251,C164,49009.64,Credit,ATM,Mobile,2,32366.67,0
100252,C147,20463.56,Debit,ATM,Desktop,3,88912.32,0
100253,C090,87179.14,Credit,ATM,Mobile,1,16147.3,0
100254,C195,22553.93,Credit,Online,Desktop,3,17385.08,0
100255,C147,1741.38,Debit,Mobile,Mobile,4,26750.53,1
100256,C148,88790.72,Debit,ATM,Desktop,3,12041.13,0
100257,C096,21170.67,Debit,ATM,Desktop,2,23108.89,0
100258,C199,74324.42,Debit,ATM,Desktop,2,10730.54,0
100259,C052,22530.28,Debit,Online,Mobile,1,82193.07,0
100260,C161,98688.54,Credit,Online,Mobile,2,13983.0,0
100261,C168,12391.7,Debit,Online,Mobile,3,74755.03,0
100262,C128,183546.6,Debit,Online,Desktop,4,4886.6,1
100263,C039,75651.59,Debit,Online,Desktop,2,94857.18,0
100264,C082,6065.35,Debit,Mobile,Mobile,1,71144.89,0
100265,C104,41709.81,Debit,Mobile,Mobile,3,778.98,0
100266,C129,211224.87,Debit,ATM,Mobile,1,76409.26,1
100267,C011,31844.53,Debit,ATM,Desktop,2,51456.78,0
100268,C185,10051.2,Debit,ATM,Mobile,2,77958.58,0
100269,C178,33157.91,Debit,ATM,Desktop,1,52297.43,0
100270,C151,35918.91,Debit,Mobile,Desktop,3,64138.38,0
100271,C159,67679.15,Credit,Online,Mobile,2,78654.53,0
100272,C042,60006.65,Debit,ATM,Mobile,4,40570.29,1
100273,C099,25754.24,Credit,Online,Mobile,2,370.54,0
100274,C007,12296.5,Debit,Online,Mobile,3,85009.65,0
100275,C144,51789.5,Debit,ATM,Mobile,2,38150.95,0
100276,C090,27383.47,Credit,ATM,Mobile,1,49654.67,0
100277,C112,7094.09,Debit,Online,Desktop,2,875.89,0
100278,C060,115416.23,Debit,Online,Mobile,2,49259.99,0
100279,C113,58756.61,Debit,ATM,Mobile,3,98650.09,0
100280,C002,57471.68,Debit,ATM,Desktop,1,27898.94,0
100281,C129,86462.87,Debit,Online,Desktop,3,39602.29,0
100282,C048,37715.15,Debit,ATM,Mobile,2,68750.28,0
100283,C140,84384.69,Debit,Online,Mobile,4,81497.89,1
100284,C197,34466.8,Debit,Online,Mobile,2,41797.42,0
100285,C037,3476.9,Debit,ATM,Desktop,3,31035.92,0
100286,C160,25980.55,Credit,Mobile,Desktop,4,93788.8,1
100287,C009,34404.49,Credit,Online,Desktop,3,67746.78,0
100288,C099,63684.47,Debit,ATM,Mobile,3,11990.23,0
100289,C147,5634.85,Credit,Online,Desktop,1,6985.9,0
100290,C048,7542.22,Debit,Online,Mobile,4,48406.63,1
100291,C131,15304.78,Debit,Online,Mobile,2,22087.0,0
100292,C148,15496.27,Debit,ATM,Mobile,3,25473.08,0
100293,C152,65872.86,Credit,Mobile,Mobile,2,87781.45,0
100294,C054,14432.84,Debit,Online,Mobile,1,9047.65,0
100295,C120,50133.03,Debit,ATM,Desktop,1,71564.88,0
100296,C161,34088.0,Debit,ATM,Desktop,4,27187.11,1
100297,C152,42583.05,Credit,ATM,Mobile,1,76056.79,0
100298,C116,91040.97,Credit,Mobile,Mobile,1,72268.9,0
100299,C075,25907.75,Credit,ATM,Mobile,2,838.45,0
100300,C113,73682.32,Debit,ATM,Mobile,1,50962.63,0
100301,C164,27412.19,Debit,Mobile,Mobile,1,14018.02,0
100302,C166,21837.83,Debit,ATM,Desktop,3,86636.08,0
100303,C104,159256.55,Debit,ATM,Mobile,1,87171.43,1
100304,C084,10189.78,Debit,ATM,Mobile,3,41892.75,0
100305,C112,4734.05,Debit,ATM,Mobile,1,44495.12,0
100306,C099,73698.59,Credit,ATM,Desktop,1,30397.97,0
100307,C153,3534.52,Credit,Online,Desktop,4,71688.97,1
100308,C093,90724.49,Credit,ATM,Desktop,4,35930.27,1
100309,C146,28740.96,Credit,ATM,Desktop,3,26852.47,0
100310,C128,123558.28,Debit,Online,Mobile,1,43279.88,0
100311,C110,63922.76,Debit,Online,Mobile,2,9239.6,0
100312,C082,47132.33,Credit,Online,Desktop,4,74685.66,1
100313,C194,149098.17,Debit,Online,Mobile,2,1358.38,0
100314,C054,25262.84,Credit,ATM,Mobile,4,64484.06,1
100315,C163,154050.28,Debit,Online,Mobile,4,18368.17,1
100316,C189,7251.36,Debit,Online,Mobile,1,23317.16,0
100317,C169,33058.69,Debit,ATM,Mobile,4,63599.64,1
100318,C161,15729.46,Credit,Mobile,Mobile,2,99295.05,0
100319,C068,38809.35,Credit,ATM,Desktop,4,77793.98,1
100320,C033,8837.69,Debit,Online,Mobile,3,22661.38,0
100321,C142,92109.39,Credit,ATM,Mobile,1,17684.87,0
100322,C021,93672.73,Debit,Online,Mobile,1,86636.66,0
100323,C048,155317.9,Debit,Online,Mobile,3,44473.98,1
100324,C148,8401.54,Debit,Mobile,Mobile,3,13791.58,0
100325,C128,48819.63,Debit,ATM,Mobile,3,86234.92,0
100326,C136,32145.27,Debit,Online,Mobile,4,81627.63,1
100327,C135,21108.98,Credit,Online,Mobile,1,98392.25,0
100328,C195,21657.76,Credit,Online,Mobile,3,90983.39,0
100329,C145,26618.94,Debit,Online,Mobile,4,85193.85,1
100330,C128,61026.38,Debit,Online,Mobile,3,5352.18,0
100331,C033,45600.75,Credit,Online,Mobile,2,10531.1,0
100332,C176,30779.83,Credit,ATM,Mobile,2,56941.42,0
100333,C187,3948.56,Credit,Online,Desktop,1,53194.78,0
100334,C115,4047.78,Debit,ATM,Mobile,4,45850.53,1
100335,C119,117.11,Debit,Mobile,Mobile,2,39739.25,0
100336,C022,171633.46,Debit,Online,Mobile,2,43177.93,1
100337,C158,263.38,Debit,Mobile,Desktop,4,56972.86,1
100338,C038,5440.2,Debit,ATM,Desktop,3,307.44,0
100339,C109,18887.38,Credit,Mobile,Desktop,4,26144.81,1
100340,C051,82364.84,Debit,Mobile,Desktop,3,51876.14,0
100341,C182,163638.61,Debit,Online,Mobile,2,72249.39,1
100342,C008,78035.62,Debit,Online,Desktop,2,17498.25,0
100343,C027,58649.59,Debit,ATM,Mobile,2,54733.43,0
100344,C027,36834.13,Debit,Mobile,Mobile,1,71474.52,0
100345,C021,4534.83,Debit,Online,Mobile,1,44518.3,0
100346,C030,158708.02,Debit,ATM,Mobile,1,2805.41,1
100347,C097,71022.02,Credit,ATM,Desktop,4,44981.89,1
100348,C028,50936.86,Credit,Mobile,Mobile,2,29714.84,0
100349,C111,71155.35,Debit,Mobile,Desktop,2,92972.0,0
100350,C192,64386.44,Debit,Mobile,Mobile,4,12548.88,1
100351,C197,50699.53,Credit,Online,Mobile,1,65282.35,0
100352,C061,197064.35,Debit,ATM,Mobile,4,5366.7,1
100353,C048,116840.1,Debit,ATM,Mobile,1,44672.43,0
100354,C147,52016.92,Credit,ATM,Desktop,2,55442.55,0
100355,C004,59073.92,Debit,ATM,Mobile,3,29865.7,0
100356,C035,2648.73,Debit,ATM,Mobile,1,45562.06,0
100357,C192,55420.63,Debit,ATM,Desktop,2,16439.02,0
100358,C049,2258.52,Debit,Online,Mobile,2,30481.97,0
100359,C017,44368.62,Debit,Mobile,Desktop,3,62148.52,0
100360,C172,367196.83,Credit,Online,Mobile,2,30249.83,1
100361,C158,40574.76,Debit,Mobile,Mobile,2,89984.33,0
100362,C046,32047.68,Debit,Online,Mobile,1,62877.86,0
100363,C117,18760.49,Credit,ATM,Mobile,1,43921.04,0
100364,C006,6421.37,Debit,ATM,Mobile,3,3971.82,0
100365,C099,65656.6,Debit,ATM,Desktop,3,50004.88,0
100366,C124,10696.74,Credit,ATM,Desktop,2,76501.15,0
100367,C037,6124.32,Debit,Online,Desktop,1,26629.2,0
100368,C024,27388.54,Credit,ATM,Mobile,3,80696.68,0
100369,C093,79320.71,Credit,ATM,Mobile,3,25255.5,0
100370,C046,68337.24,Debit,ATM,Mobile,4,82392.26,1
100371,C181,2822.31,Debit,Mobile,Mobile,3,8618.31,0
100372,C095,30361.66,Credit,Online,Desktop,2,86631.75,0
100373,C099,36952.71,Debit,Online,Mobile,1,49968.73,0
100374,C188,51718.06,Credit,ATM,Mobile,3,29724.11,0
100375,C116,52515.02,Debit,Online,Mobile,4,26584.81,1
100376,C191,22682.68,Debit,Online,Desktop,1,43257.85,0
100377,C160,41126.04,Debit,Online,Mobile,3,99905.04,0
100378,C161,32798.53,Credit,Mobile,Mobile,4,22110.71,1
100379,C067,108140.44,Credit,ATM,Mobile,3,10411.34,0
100380,C128,37779.34,Debit,Mobile,Mobile,1,58545.01,0
100381,C018,29083.17,Debit,Mobile,Mobile,1,48905.39,0
100382,C025,25916.47,Credit,ATM,Mobile,1,52467.21,0
100383,C054,42481.6,Debit,Online,Desktop,2,66726.85,0
100384,C058,81476.16,Debit,Mobile,Mobile,3,26787.69,0
100385,C067,38652.99,Debit,ATM,Desktop,2,91075.43,0
100386,C104,54184.49,Debit,Online,Desktop,1,43623.64,0
100387,C174,66943.02,Credit,Mobile,Desktop,4,12995.71,1
100388,C024,36715.97,Debit,Online,Mobile,3,74255.65,0
100389,C114,27827.52,Debit,ATM,Mobile,2,64346.12,0
100390,C032,104642.71,Debit,Online,Desktop,3,31642.77,0
100391,C175,27021.83,Credit,ATM,Desktop,4,62189.72,1
100392,C086,30989.52,Debit,Online,Mobile,2,22064.21,0
100393,C151,231994.88,Debit,ATM,Desktop,1,44539.45,1
100394,C194,11.88,Debit,Online,Mobile,2,89951.31,0
100395,C127,10257.38,Credit,Online,Mobile,3,13440.07,0
100396,C155,24222.48,Debit,Online,Mobile,3,38730.98,0
100397,C130,134848.03,Debit,Online,Mobile,3,82132.13,0
100398,C017,3630.13,Debit,Online,Mobile,3,96952.14,0
100399,C104,476.54,Debit,Online,Desktop,1,45447.22,0
100400,C161,2706.12,Debit,ATM,Mobile,2,50749.26,0
100401,C137,4635.57,Credit,Online,Mobile,1,57259.98,0
100402,C043,1916.09,Debit,ATM,Mobile,1,93241.58,0
100403,C176,32675.3,Credit,Mobile,Mobile,1,85834.86,0
100404,C039,43465.25,Debit,ATM,Mobile,3,17143.05,0
100405,C170,15851.22,Credit,Online,Desktop,3,43732.11,0
100406,C026,25398.77,Debit,Online,Desktop,3,46453.64,0
100407,C099,4808.99,Debit,Online,Desktop,2,78930.7,0
100408,C050,20501.56,Credit,ATM,Desktop,4,60329.0,1
100409,C153,36961.57,Credit,Online,Mobile,3,65456.62,0
100410,C152,65889.15,Debit,Online,Mobile,2,99820.17,0
100411,C013,167.6,Debit,Online,Mobile,3,7588.51,0
100412,C060,31490.85,Credit,ATM,Mobile,3,22378.68,0
100413,C135,17620.12,Debit,Online,Desktop,1,40848.8,0
100414,C057,95805.57,Credit,Online,Mobile,1,34843.46,0
100415,C036,62860.47,Credit,Online,Mobile,1,2262.39,0
100416,C173,44471.31,Debit,Online,Desktop,2,9268.58,0
100417,C020,16235.68,Debit,Online,Desktop,4,68127.23,1
100418,C065,120586.03,Debit,ATM,Desktop,4,87944.51,1
100419,C008,2307.47,Debit,ATM,Mobile,2,51471.28,0
100420,C144,5796.79,Debit,ATM,Mobile,3,53965.19,0
100421,C142,24848.61,Credit,ATM,Mobile,2,25583.83,0
100422,C115,6644.44,Debit,Online,Mobile,3,76810.85,0
100423,C143,156652.91,Credit,Online,Mobile,2,75204.28,1
100424,C092,79971.74,Debit,ATM,Mobile,2,58877.73,0
100425,C098,14986.56,Debit,Mobile,Desktop,2,21345.16,0
100426,C066,44403.9,Debit,ATM,Mobile,4,9792.12,1
100427,C032,201795.81,Debit,Online,Desktop,1,6517.43,1
100428,C191,107794.09,Debit,Online,Desktop,2,59310.34,0
100429,C086,45914.44,Debit,ATM,Mobile,4,82521.03,1
100430,C051,117026.79,Credit,ATM,Desktop,1,85847.21,0
100431,C153,226340.64,Debit,Online,Mobile,1,46415.85,1
100432,C186,68002.65,Debit,ATM,Mobile,2,78448.7,0
100433,C063,3359.71,Debit,Mobile,Desktop,3,94693.33,0
100434,C190,25673.14,Debit,Online,Mobile,3,27589.49,0
100435,C125,90954.19,Debit,Mobile,Desktop,3,39856.24,0
100436,C150,13105.21,Debit,ATM,Mobile,2,93154.75,0
100437,C058,88787.18,Debit,Online,Mobile,3,33889.27,0
100438,C058,6410.92,Debit,Online,Mobile,4,91396.24,1
100439,C086,2404.15,Debit,Online,Mobile,4,98106.38,1
100440,C049,24232.77,Credit,ATM,Mobile,4,66214.89,1
100441,C180,1871.18,Debit,Online,Desktop,4,81707.34,1
100442,C170,157643.01,Debit,Online,Desktop,1,74979.6,1
100443,C070,87494.14,Debit,Online,Desktop,4,69983.47,1
100444,C015,80664.69,Debit,ATM,Mobile,3,30762.41,0
100445,C054,49682.61,Credit,Mobile,Desktop,2,5803.72,0
100446,C188,12187.98,Debit,ATM,Desktop,3,34370.87,0
100447,C101,36517.57,Debit,Mobile,Desktop,4,66726.9,1
100448,C008,45474.95,Debit,Mobile,Mobile,1,10342.67,0
100449,C053,37225.34,Debit,Mobile,Desktop,4,1290.61,1
100450,C060,15071.03,Debit,Online,Desktop,2,14055.27,0
100451,C108,36205.89,Debit,Online,Mobile,3,71602.02,0
100452,C005,33783.67,Credit,Mobile,Desktop,2,97282.09,0
100453,C103,280456.93,Debit,ATM,Mobile,2,98308.16,1
100454,C196,113863.49,Debit,Online,Mobile,2,49448.52,0
100455,C006,31123.32,Debit,Online,Mobile,3,86948.29,0
100456,C109,48767.2,Debit,Online,Mobile,4,73708.96,1
100457,C116,68890.84,Debit,ATM,Mobile,2,50153.92,0
100458,C094,1774.37,Credit,Online,Desktop,3,57318.78,0
100459,C047,112652.35,Credit,Mobile,Mobile,1,13808.99,0
100460,C099,98350.95,Debit,ATM,Desktop,3,93772.38,0
100461,C055,30572.1,Credit,Mobile,Desktop,1,35257.78,0
100462,C168,24810.79,Credit,ATM,Mobile,3,44670.31,0
100463,C052,15938.65,Credit,ATM,Desktop,4,67198.86,1
100464,C144,32377.8,Debit,ATM,Desktop,2,33456.86,0
100465,C013,2269.57,Credit,ATM,Desktop,4,25500.49,1
100466,C114,95592.58,Debit,Mobile,Desktop,3,63141.83,0
100467,C124,1803.25,Credit,ATM,Desktop,2,2595.91,0
100468,C106,19953.13,Debit,Online,Desktop,1,72100.44,0
100469,C158,134111.44,Debit,ATM,Mobile,3,51450.93,0
100470,C147,66441.41,Credit,Online,Desktop,2,60614.8,0
100471,C145,16521.89,Debit,Online,Desktop,1,63224.83,0
100472,C120,14561.02,Credit,ATM,Mobile,1,52752.31,0
100473,C063,254.75,Credit,ATM,Mobile,4,58295.12,1
100474,C019,59489.41,Debit,Mobile,Desktop,3,68410.44,0
100475,C092,2500.68,Debit,ATM,Mobile,1,75336.57,0
100476,C058,38028.76,Debit,Online,Desktop,2,72772.49,0
100477,C183,163669.2,Debit,ATM,Mobile,1,86974.68,1
100478,C090,5796.86,Debit,Online,Mobile,1,19025.4,0
100479,C117,112442.71,Credit,ATM,Mobile,4,40174.68,1
100480,C062,238239.58,Debit,Online,Mobile,4,94784.83,1
100481,C023,3174.53,Debit,ATM,Desktop,2,39719.4,0
100482,C127,107239.03,Credit,Mobile,Desktop,4,12574.52,1
100483,C137,36291.68,Debit,ATM,Desktop,1,52591.97,0
100484,C140,118497.03,Debit,Online,Mobile,1,11038.15,0
100485,C129,42352.1,Credit,Online,Mobile,4,20365.04,1
100486,C058,54252.04,Debit,ATM,Desktop,1,99832.04,0
100487,C122,39238.89,Credit,Online,Desktop,1,54182.13,0
100488,C001,99936.55,Credit,ATM,Mobile,2,28477.43,0
100489,C034,66196.02,Credit,Mobile,Mobile,4,99478.02,1
100490,C096,36829.91,Debit,Mobile,Mobile,1,96659.24,0
100491,C126,101308.62,Debit,Mobile,Desktop,4,44129.83,1
100492,C118,14070.79,Debit,ATM,Desktop,2,26114.27,0
100493,C048,8559.63,Credit,Online,Mobile,4,83856.12,1
100494,C089,8741.49,Credit,Online,Mobile,1,71590.51,0
100495,C117,20323.95,Debit,Mobile,Desktop,4,68725.45,1
100496,C129,13635.73,Debit,Online,Mobile,1,89322.06,0
100497,C016,133027.58,Debit,Mobile,Mobile,1,68972.77,0
100498,C189,5593.2,Debit,Online,Mobile,1,28451.41,0
100499,C192,60030.71,Credit,Online,Mobile,2,69416.93,0
100500,C191,10488.02,Debit,ATM,Mobile,4,30650.77,1
100501,C069,106700.01,Credit,Online,Desktop,2,75947.97,0
100502,C022,162615.54,Credit,Online,Desktop,4,62012.81,1
100503,C093,31318.37,Debit,Online,Desktop,2,7833.41,0
100504,C195,105627.78,Debit,Online,Desktop,3,51332.25,0
100505,C076,257.92,Debit,Online,Mobile,1,34395.77,0
100506,C154,85725.18,Debit,ATM,Desktop,1,32924.21,0
100507,C144,12979.04,Credit,Online,Mobile,2,60265.4,0
100508,C179,119680.94,Credit,Online,Desktop,3,32300.25,0
100509,C086,56.04,Credit,Online,Desktop,1,77711.69,0
100510,C185,40617.01,Debit,ATM,Mobile,4,7172.06,1
100511,C029,70659.81,Debit,ATM,Mobile,2,66072.79,0
100512,C069,14966.71,Credit,ATM,Mobile,1,80938.56,0
100513,C047,10729.81,Debit,Online,Mobile,1,67315.89,0
100514,C094,4392.31,Debit,ATM,Mobile,2,49773.2,0
100515,C190,19758.43,Debit,Online,Desktop,2,95035.67,0
100516,C197,41031.34,Debit,Mobile,Desktop,4,30063.86,1
100517,C144,6156.08,Debit,ATM,Mobile,4,2014.87,1
100518,C176,23635.99,Debit,Online,Mobile,1,43255.74,0
100519,C085,455.69,Credit,Online,Mobile,1,3397.89,0
100520,C039,85374.43,Debit,Mobile,Desktop,2,95398.28,0
100521,C100,6874.03,Debit,Online,Mobile,1,21070.81,0
100522,C033,16657.89,Debit,Online,Mobile,1,78913.81,0
100523,C101,929.98,Credit,Mobile,Mobile,2,77479.75,0
100524,C023,28302.89,Debit,Online,Mobile,1,21851.12,0
100525,C010,91667.06,Debit,Mobile,Mobile,1,62160.53,0
100526,C069,24891.46,Debit,ATM,Desktop,3,4903.09,0
100527,C100,9891.91,Credit,Mobile,Mobile,4,48409.1,1
100528,C034,70060.01,Debit,Online,Desktop,2,1563.25,0
100529,C180,77749.14,Credit,Online,Mobile,3,92122.27,0
100530,C138,9543.1,Credit,ATM,Desktop,4,97610.99,1
100531,C147,73669.82,Debit,Online,Desktop,4,22306.05,1
100532,C186,147154.99,Credit,ATM,Mobile,4,20889.79,1
100533,C096,9098.74,Debit,Mobile,Mobile,3,75396.65,0
100534,C001,73698.23,Credit,Mobile,Mobile,3,25412.6,0
100535,C069,61648.12,Debit,ATM,Desktop,4,89518.15,1
100536,C004,32082.21,Credit,Mobile,Mobile,1,57435.52,0
100537,C016,2983.28,Debit,Online,Desktop,1,35142.68,0
100538,C024,3881.56,Debit,Online,Mobile,3,83286.11,0
100539,C080,95667.43,Debit,ATM,Desktop,3,49391.33,0
100540,C002,231005.93,Debit,ATM,Desktop,3,91172.13,1
100541,C128,56358.65,Debit,ATM,Desktop,4,92808.62,1
100542,C160,29525.77,Debit,ATM,Mobile,1,16625.47,0
100543,C084,52145.68,Debit,Mobile,Mobile,3,332.11,0
100544,C152,45118.88,Debit,ATM,Desktop,3,98394.7,0
100545,C140,24193.95,Credit,Mobile,Mobile,2,90623.14,0
100546,C178,3393.93,Debit,ATM,Mobile,4,5638.98,1
100547,C163,86161.96,Debit,Online,Mobile,2,83320.12,0
100548,C124,23247.5,Debit,Online,Mobile,1,45834.71,0
100549,C033,85403.73,Debit,Mobile,Mobile,2,25970.26,0
100550,C161,14551.63,Credit,ATM,Mobile,2,87886.78,0
100551,C189,51.5,Debit,Online,Mobile,2,19747.06,0
100552,C179,8654.51,Credit,Online,Desktop,4,94735.27,1
100553,C171,31606.31,Credit,ATM,Desktop,1,20641.59,0
100554,C101,144392.02,Credit,ATM,Desktop,2,61406.95,0
100555,C012,5390.04,Debit,Online,Desktop,4,22386.32,1
100556,C067,96279.33,Credit,Online,Mobile,1,54612.3,0
100557,C065,37435.54,Credit,Online,Mobile,3,68429.12,0
100558,C161,87412.24,Debit,ATM,Mobile,2,19103.77,0
100559,C168,17717.77,Debit,Online,Mobile,1,52136.49,0
100560,C074,91612.56,Debit,Online,Desktop,2,46959.07,0
100561,C043,74101.24,Debit,Online,Mobile,3,7196.64,0
100562,C044,13071.72,Debit,Mobile,Mobile,1,81848.95,0
100563,C029,7039.89,Debit,Online,Mobile,4,33634.67,1
100564,C141,101268.25,Debit,Online,Mobile,1,57500.76,0
100565,C012,165162.7,Debit,ATM,Desktop,4,51526.95,1
100566,C095,1590.14,Debit,Online,Mobile,1,51374.72,0
100567,C046,65702.42,Debit,ATM,Desktop,4,10811.52,1
100568,C130,120133.82,Debit,Online,Mobile,3,42405.85,0
100569,C035,97371.6,Debit,Online,Mobile,3,45291.44,0
100570,C081,166939.97,Debit,Mobile,Desktop,3,73390.92,1
100571,C090,71375.42,Credit,ATM,Mobile,1,84017.88,0
100572,C008,29196.59,Debit,Online,Desktop,3,54543.73,0
100573,C093,18694.83,Debit,Online,Desktop,2,8769.62,0
100574,C154,19337.77,Credit,ATM,Desktop,3,23761.26,0
100575,C090,64444.35,Debit,ATM,Desktop,4,16576.91,1
100576,C162,68488.98,Debit,ATM,Mobile,4,12549.04,1
100577,C115,11179.63,Credit,ATM,Desktop,4,36653.34,1
100578,C105,101294.21,Credit,ATM,Mobile,1,23016.41,0
100579,C135,62749.98,Debit,ATM,Desktop,2,21908.48,0
100580,C196,41362.54,Debit,ATM,Desktop,3,5563.85,0
100581,C058,31888.69,Credit,Online,Desktop,2,1865.24,0
100582,C114,39179.07,Debit,Online,Desktop,2,10366.55,0
100583,C075,8672.79,Debit,Mobile,Mobile,4,17302.53,1
100584,C157,11389.04,Credit,Online,Desktop,4,43155.27,1
100585,C120,4779.56,Debit,Online,Desktop,4,51100.97,1
100586,C164,8341.59,Debit,Mobile,Desktop,1,14145.13,0
100587,C021,30228.77,Debit,Online,Desktop,2,42535.86,0
100588,C164,37788.84,Credit,Online,Mobile,2,34240.71,0
100589,C138,901.17,Debit,Online,Mobile,1,18424.02,0
100590,C101,79677.69,Debit,ATM,Mobile,1,783.39,0
100591,C152,17418.9,Debit,ATM,Desktop,1,46755.08,0
100592,C192,121427.85,Debit,Online,Mobile,2,68596.61,0
100593,C177,171343.09,Debit,Online,Mobile,2,22705.11,1
100594,C099,10256.52,Credit,ATM,Mobile,4,13267.5,1
100595,C036,31003.88,Debit,Mobile,Desktop,4,88715.57,1
100596,C096,61.63,Debit,Online,Mobile,2,27574.97,0
100597,C152,45605.88,Credit,Online,Mobile,4,22438.9,1
100598,C151,46736.29,Debit,Mobile,Mobile,1,85723.98,0
100599,C190,14220.37,Credit,Online,Mobile,3,81729.0,0
100600,C037,40868.97,Debit,Mobile,Mobile,4,44889.81,1
100601,C012,12779.47,Debit,Online,Mobile,2,48974.96,0
100602,C113,8766.83,Debit,ATM,Mobile,4,21853.1,1
100603,C183,52708.65,Credit,Online,Desktop,4,7922.34,1
100604,C013,19720.73,Debit,Online,Desktop,4,57385.84,1
100605,C023,44612.1,Debit,Online,Mobile,3,9924.66,0
100606,C099,28391.56,Debit,Mobile,Desktop,1,44982.53,0
100607,C105,207868.71,Debit,Online,Mobile,2,94055.67,1
100608,C030,8101.28,Debit,Online,Desktop,3,95288.16,0
100609,C017,31236.93,Credit,Mobile,Desktop,2,24009.3,0
100610,C113,57043.11,Debit,Online,Mobile,2,62448.93,0
100611,C062,25171.41,Credit,Online,Mobile,2,47460.22,0
100612,C084,183847.25,Debit,Mobile,Mobile,3,87580.94,1
100613,C112,63986.5,Debit,ATM,Mobile,1,27215.94,0
100614,C086,53498.89,Debit,Online,Desktop,2,469.87,0
100615,C141,70746.89,Debit,Mobile,Mobile,1,16339.86,0
100616,C187,152507.98,Credit,Online,Mobile,1,35017.33,1
100617,C019,119199.87,Credit,Online,Mobile,4,31640.54,1
100618,C177,64419.43,Debit,Online,Mobile,3,79157.16,0
100619,C100,69147.33,Debit,Online,Mobile,3,68088.01,0
100620,C140,7886.64,Debit,Mobile,Mobile,4,30025.68,1
100621,C189,5423.4,Credit,ATM,Desktop,4,45828.61,1
100622,C147,42303.79,Debit,ATM,Mobile,1,9646.35,0
100623,C076,926.92,Debit,ATM,Mobile,2,89824.83,0
100624,C009,32923.41,Credit,Online,Desktop,3,93548.94,0
100625,C199,11808.25,Debit,Online,Mobile,2,97982.37,0
100626,C028,21233.66,Debit,Mobile,Desktop,2,86868.43,0
100627,C128,74761.89,Debit,Online,Desktop,4,17478.69,1
100628,C052,141712.57,Credit,Online,Mobile,2,4715.03,0
100629,C083,3758.61,Debit,ATM,Mobile,1,58001.71,0
100630,C111,38204.48,Debit,Online,Mobile,4,91269.24,1
100631,C144,107080.1,Debit,Online,Mobile,2,17817.4,0
100632,C117,4305.6,Debit,ATM,Mobile,4,803.59,1
100633,C069,87009.81,Debit,ATM,Mobile,1,80569.05,0
100634,C099,22142.88,Debit,ATM,Mobile,1,7771.89,0
100635,C140,19437.38,Debit,ATM,Mobile,2,41429.23,0
100636,C025,189637.36,Debit,Online,Desktop,4,67920.84,1
100637,C180,11210.9,Debit,ATM,Mobile,2,23756.08,0
100638,C123,59076.97,Debit,Online,Mobile,2,8487.86,0
100639,C053,86141.73,Credit,Mobile,Mobile,4,77025.12,1
100640,C151,2102.78,Debit,Online,Desktop,2,63054.49,0
100641,C144,55491.57,Credit,Mobile,Mobile,1,98850.2,0
100642,C057,151361.12,Credit,Online,Desktop,4,34496.37,1
100643,C039,6632.02,Debit,Online,Mobile,4,6270.06,1
100644,C109,113274.73,Debit,Mobile,Desktop,4,73461.57,1
100645,C181,45165.84,Debit,ATM,Mobile,4,52221.17,1
100646,C042,47934.42,Debit,Mobile,Mobile,2,21399.07,0
100647,C186,47459.32,Debit,ATM,Mobile,2,78194.73,0
100648,C167,17750.67,Debit,Online,Mobile,1,20455.17,0
100649,C142,136823.88,Debit,ATM,Mobile,3,26140.1,0
100650,C122,147204.89,Credit,Online,Mobile,3,9343.6,0
100651,C133,49082.1,Debit,Online,Desktop,1,40003.28,0
100652,C163,76490.39,Credit,Online,Desktop,3,41951.03,0
100653,C075,47370.75,Debit,ATM,Mobile,1,51504.72,0
100654,C146,33121.05,Credit,ATM,Mobile,2,70925.53,0
100655,C076,54061.23,Debit,ATM,Mobile,4,90619.48,1
100656,C009,40260.0,Debit,ATM,Desktop,4,13859.64,1
100657,C074,45500.01,Debit,Mobile,Mobile,2,5529.38,0
100658,C186,76585.1,Debit,ATM,Desktop,4,1951.27,1
100659,C145,32783.31,Debit,Mobile,Mobile,4,14447.78,1
100660,C007,2080.39,Credit,Mobile,Mobile,3,65829.15,0
100661,C174,8956.3,Debit,ATM,Desktop,2,72774.96,0
100662,C141,28866.72,Debit,Online,Desktop,3,78671.92,0
100663,C168,64517.68,Credit,ATM,Mobile,3,24446.45,0
100664,C170,44981.35,Credit,ATM,Mobile,4,30658.89,1
100665,C137,52533.15,Debit,ATM,Desktop,4,48365.15,1
100666,C178,32627.04,Debit,Online,Mobile,2,6411.99,0
100667,C027,47822.06,Debit,Online,Desktop,4,61153.04,1
100668,C122,19950.61,Debit,Online,Mobile,4,98375.13,1
100669,C194,31761.14,Credit,Online,Desktop,2,36144.55,0
100670,C005,68183.43,Credit,ATM,Desktop,4,75309.46,1
100671,C029,102720.97,Credit,Online,Mobile,3,50053.39,0
100672,C165,28427.62,Credit,Online,Desktop,2,12868.4,0
100673,C166,2232.18,Debit,ATM,Mobile,4,58265.52,1
100674,C083,8817.32,Credit,ATM,Mobile,1,30057.44,0
100675,C136,1054.09,Credit,Online,Mobile,2,3536.88,0
100676,C109,52959.44,Debit,ATM,Mobile,2,63529.48,0
100677,C065,20196.91,Credit,Online,Desktop,1,85907.34,0
100678,C086,39096.58,Debit,ATM,Mobile,4,34542.5,1
100679,C145,33989.52,Debit,ATM,Mobile,4,39090.53,1
100680,C071,4252.11,Credit,ATM,Mobile,2,89113.07,0
100681,C045,25813.8,Debit,ATM,Mobile,2,81379.52,0
100682,C132,12459.05,Debit,Online,Mobile,4,71523.79,1
100683,C036,27098.6,Debit,Online,Desktop,4,24954.83,1
100684,C070,11381.32,Debit,Online,Desktop,3,91030.64,0
100685,C159,91770.65,Credit,Mobile,Desktop,2,15526.13,0
100686,C019,9569.73,Debit,Online,Mobile,2,62714.37,0
100687,C189,161929.13,Debit,Online,Mobile,1,2977.24,1
100688,C108,26884.78,Credit,ATM,Mobile,3,64407.61,0
100689,C182,93619.84,Debit,Online,Mobile,4,27786.72,1
100690,C167,49545.98,Debit,Online,Mobile,3,45022.73,0
100691,C091,66467.41,Debit,ATM,Mobile,4,34591.93,1
100692,C090,72991.42,Credit,Online,Mobile,4,17358.4,1
100693,C019,35144.21,Debit,ATM,Desktop,3,62235.88,0
100694,C039,39186.49,Debit,Online,Mobile,2,88209.36,0
100695,C126,36076.91,Debit,Mobile,Mobile,4,95912.52,1
100696,C195,44343.68,Debit,Mobile,Mobile,3,19315.4,0
100697,C173,1491.76,Debit,Online,Mobile,1,71765.54,0
100698,C141,25168.94,Debit,Online,Desktop,3,66467.5,0
100699,C126,46594.17,Debit,Online,Mobile,1,34403.44,0
100700,C058,45530.79,Credit,Online,Mobile,4,2008.01,1
100701,C148,78741.22,Debit,ATM,Mobile,3,69010.15,0
100702,C061,53211.9,Credit,Online,Mobile,3,94554.94,0
100703,C127,242255.93,Credit,Online,Mobile,1,63248.8,1
100704,C105,16693.6,Credit,Mobile,Desktop,3,43585.74,0
100705,C167,22248.07,Debit,Online,Desktop,3,52562.87,0
100706,C001,24213.01,Debit,Online,Desktop,4,20042.92,1
100707,C131,31350.45,Debit,Online,Mobile,3,75079.36,0
100708,C092,90393.85,Debit,Online,Desktop,2,74667.34,0
100709,C190,13445.77,Debit,Online,Mobile,1,14637.18,0
100710,C191,74805.51,Credit,ATM,Mobile,3,87810.04,0
100711,C113,25985.77,Credit,Online,Desktop,1,26992.05,0
100712,C153,46047.0,Debit,Mobile,Mobile,1,98227.38,0
100713,C056,50057.11,Debit,Online,Mobile,1,38352.01,0
100714,C161,23328.37,Credit,ATM,Desktop,3,17870.62,0
100715,C166,35935.07,Debit,Online,Mobile,3,35236.84,0
100716,C117,26639.18,Debit,Mobile,Mobile,1,44074.01,0
100717,C134,3581.93,Credit,ATM,Mobile,2,7023.85,0
100718,C058,28738.47,Debit,Online,Desktop,1,57864.02,0
100719,C044,5123.42,Debit,Mobile,Desktop,2,59803.48,0
100720,C173,25961.44,Debit,Online,Desktop,1,73919.15,0
100721,C160,44937.08,Credit,Mobile,Mobile,4,3014.07,1
100722,C173,43305.42,Debit,Online,Mobile,1,54169.7,0
100723,C061,54327.46,Debit,Online,Mobile,1,5385.45,0
100724,C047,5005.47,Debit,Online,Mobile,3,70144.31,0
100725,C149,52795.35,Debit,ATM,Mobile,2,5667.23,0
100726,C080,18709.08,Debit,ATM,Mobile,4,91181.61,1
100727,C118,25461.84,Credit,Online,Mobile,2,70238.05,0
100728,C164,97591.57,Debit,ATM,Desktop,4,50788.24,1
100729,C147,453.57,Credit,Online,Mobile,1,44206.24,0
100730,C020,44386.7,Debit,Mobile,Mobile,3,13154.2,0
100731,C185,45654.04,Debit,Mobile,Mobile,3,29170.84,0
100732,C146,25263.7,Debit,Online,Desktop,2,86909.01,0
100733,C047,13526.69,Debit,Mobile,Desktop,3,90454.84,0
100734,C049,13372.67,Debit,Online,Desktop,2,174.7,0
100735,C014,107583.27,Debit,Online,Desktop,2,59454.23,0
100736,C143,29172.0,Debit,ATM,Mobile,4,71958.13,1
100737,C159,20090.29,Debit,Online,Mobile,2,61912.82,0
100738,C001,29780.84,Debit,Online,Mobile,4,8259.81,1
100739,C117,55340.85,Credit,Online,Mobile,3,21850.72,0
100740,C054,7876.95,Credit,Online,Mobile,2,25108.99,0
100741,C118,29840.41,Debit,ATM,Mobile,2,83189.29,0
100742,C003,44322.57,Debit,Online,Desktop,1,46373.62,0
100743,C144,148389.67,Debit,Mobile,Desktop,2,48734.14,0
100744,C185,14552.91,Debit,Online,Desktop,2,93495.82,0
100745,C012,22255.85,Debit,Mobile,Desktop,1,63744.88,0
100746,C074,23850.09,Credit,Mobile,Desktop,1,89876.9,0
100747,C016,46511.64,Debit,Mobile,Mobile,3,45705.23,0
100748,C102,22059.7,Debit,Mobile,Mobile,2,15028.68,0
100749,C152,38126.14,Credit,Mobile,Desktop,3,93000.57,0
100750,C156,76114.94,Debit,Online,Desktop,3,45924.64,0
100751,C117,61104.39,Credit,ATM,Mobile,1,18244.98,0
100752,C008,29562.81,Debit,Online,Desktop,4,30309.33,1
100753,C122,99834.56,Debit,Online,Mobile,3,5175.18,0
100754,C092,40838.14,Debit,ATM,Mobile,4,46883.23,1
100755,C164,38816.21,Debit,ATM,Desktop,2,85327.5,0
100756,C090,1739.29,Credit,Mobile,Mobile,1,93364.69,0
100757,C136,215973.18,Debit,Mobile,Mobile,2,93266.96,1
100758,C186,6560.75,Credit,Mobile,Mobile,2,12610.48,0
100759,C060,13141.73,Debit,Online,Desktop,1,38267.18,0
100760,C178,2654.05,Debit,ATM,Mobile,2,2920.05,0
100761,C028,51082.97,Debit,ATM,Desktop,1,85531.02,0
100762,C101,12725.34,Debit,ATM,Mobile,4,35939.7,1
100763,C041,9923.18,Credit,ATM,Mobile,2,63148.59,0
100764,C192,4636.23,Debit,ATM,Desktop,1,71518.35,0
100765,C155,5452.2,Debit,Mobile,Mobile,3,43041.48,0
100766,C191,43934.18,Debit,Online,Desktop,2,30713.59,0
100767,C145,58270.93,Debit,ATM,Mobile,4,96225.07,1
100768,C161,25323.34,Debit,ATM,Desktop,1,96452.37,0
100769,C157,32686.43,Debit,Online,Mobile,2,29014.69,0
100770,C141,57912.98,Credit,ATM,Mobile,2,48014.55,0
100771,C046,876.63,Debit,Mobile,Mobile,2,97287.13,0
100772,C035,19513.85,Debit,Online,Mobile,4,586.35,1
100773,C134,180777.26,Debit,Online,Desktop,1,41326.56,1
100774,C082,43388.39,Debit,ATM,Mobile,3,10135.71,0
100775,C115,14666.54,Credit,ATM,Mobile,3,50964.88,0
100776,C197,36879.0,Debit,Online,Mobile,3,2564.53,0
100777,C047,20977.2,Debit,Online,Mobile,1,40749.15,0
100778,C153,37990.53,Debit,Online,Desktop,3,22147.84,0
100779,C194,6718.96,Debit,ATM,Mobile,4,53377.51,1
100780,C010,7119.36,Debit,Online,Desktop,1,99599.77,0
100781,C056,7747.52,Credit,Online,Desktop,2,80073.56,0
100782,C030,140520.59,Credit,Mobile,Desktop,4,84579.64,1
100783,C109,66006.41,Credit,ATM,Mobile,2,63562.97,0
100784,C005,8859.65,Debit,ATM,Desktop,3,4251.83,0
100785,C119,10434.25,Debit,Online,Desktop,4,20759.09,1
100786,C033,65620.51,Debit,Online,Desktop,1,92513.95,0
100787,C118,8489.85,Debit,Online,Mobile,4,36674.7,1
100788,C065,13365.31,Credit,Online,Desktop,2,10453.31,0
100789,C146,165312.77,Debit,Online,Desktop,1,70270.3,1
100790,C177,14739.13,Credit,Mobile,Desktop,4,30015.83,1
100791,C011,54181.11,Credit,Online,Mobile,4,26958.81,1
100792,C085,192291.37,Debit,Mobile,Mobile,4,99797.95,1
100793,C026,23443.95,Debit,Online,Desktop,4,85828.08,1
100794,C063,883.56,Debit,Mobile,Mobile,1,40852.99,0
100795,C086,13995.44,Debit,Mobile,Desktop,2,98028.09,0
100796,C059,88856.51,Credit,ATM,Mobile,4,65046.31,1
100797,C027,99979.36,Debit,Mobile,Mobile,1,74228.04,0
100798,C177,73162.95,Debit,ATM,Mobile,2,3248.15,0
100799,C161,6001.71,Debit,Mobile,Mobile,4,12248.37,1
100800,C098,79361.9,Credit,Online,Desktop,2,63345.2,0
100801,C105,125466.81,Debit,ATM,Desktop,2,89912.5,0
100802,C099,45890.79,Credit,Online,Desktop,1,62412.0,0
100803,C129,141405.37,Debit,Mobile,Mobile,2,13489.09,0
100804,C149,87676.64,Credit,ATM,Desktop,1,11664.43,0
100805,C055,54976.36,Credit,Online,Desktop,4,84434.17,1
100806,C006,43041.06,Debit,Online,Mobile,2,14016.3,0
100807,C197,21429.55,Debit,Mobile,Mobile,2,52071.17,0
100808,C095,8675.27,Credit,Online,Desktop,3,3807.62,0
100809,C133,46437.64,Debit,ATM,Desktop,4,8158.91,1
100810,C102,19144.46,Credit,ATM,Desktop,4,67267.59,1
100811,C003,100659.72,Debit,Online,Mobile,3,68949.22,0
100812,C181,250558.8,Credit,Online,Desktop,3,34212.79,1
100813,C023,69802.64,Credit,Mobile,Mobile,1,21639.42,0
100814,C053,4742.01,Credit,ATM,Mobile,1,81389.66,0
100815,C165,17032.04,Debit,Online,Mobile,2,21788.61,0
100816,C083,5776.7,Debit,ATM,Mobile,2,54248.5,0
100817,C145,52564.25,Debit,ATM,Mobile,2,96824.06,0
100818,C085,72449.11,Debit,Online,Mobile,2,14870.46,0
100819,C078,129965.28,Debit,Online,Desktop,1,94093.54,0
100820,C110,28828.01,Debit,Online,Desktop,4,18371.02,1
100821,C001,115821.85,Credit,Mobile,Mobile,2,56787.58,0
100822,C051,105142.12,Debit,Online,Desktop,4,37763.07,1
100823,C173,19077.35,Debit,Mobile,Mobile,2,96496.37,0
100824,C004,101589.98,Debit,Mobile,Mobile,3,27426.85,0
100825,C190,23553.99,Debit,Online,Desktop,2,40025.83,0
100826,C193,17610.62,Debit,Mobile,Mobile,2,98287.73,0
100827,C113,52359.09,Credit,Online,Mobile,2,53693.39,0
100828,C032,19903.22,Credit,ATM,Mobile,1,50312.75,0
100829,C034,49740.83,Debit,Online,Mobile,3,25852.07,0
100830,C092,47058.87,Debit,ATM,Desktop,2,70166.22,0
100831,C095,41441.35,Credit,Online,Mobile,2,1535.86,0
100832,C072,23935.65,Debit,Online,Mobile,4,5046.31,1
100833,C039,39758.96,Debit,ATM,Mobile,3,59975.92,0
100834,C154,45377.14,Debit,ATM,Desktop,2,34233.29,0
100835,C162,39448.43,Debit,Mobile,Mobile,4,95336.31,1
100836,C182,29387.08,Debit,Online,Desktop,4,90328.75,1
100837,C118,738.78,Debit,ATM,Mobile,1,71399.26,0
100838,C003,44222.86,Debit,Online,Mobile,4,81832.74,1
100839,C123,9222.85,Credit,Online,Mobile,2,66766.45,0
100840,C050,51441.62,Debit,Online,Mobile,1,12645.65,0
100841,C012,71219.41,Credit,Mobile,Mobile,1,76577.78,0
100842,C193,34701.91,Credit,Online,Mobile,2,21098.18,0
100843,C054,39084.02,Debit,ATM,Desktop,3,32411.94,0
100844,C133,151287.48,Debit,Mobile,Mobile,4,81941.5,1
100845,C057,93920.59,Debit,Mobile,Desktop,1,53698.91,0
100846,C145,122808.1,Debit,ATM,Mobile,3,86008.08,0
100847,C112,84037.64,Credit,ATM,Mobile,2,21382.23,0
100848,C047,5765.96,Debit,ATM,Mobile,4,60817.07,1
100849,C151,8066.68,Credit,Online,Desktop,4,8470.72,1
100850,C085,37393.24,Debit,Online,Mobile,1,64341.79,0
100851,C142,14122.77,Debit,Online,Mobile,4,76277.15,1
100852,C066,32379.59,Debit,Mobile,Mobile,4,58534.6,1
100853,C075,25073.92,Debit,Online,Mobile,4,26696.53,1
100854,C179,39860.34,Debit,ATM,Mobile,4,3231.13,1
100855,C103,68693.73,Debit,ATM,Mobile,2,12032.94,0
100856,C166,62849.5,Debit,Online,Mobile,3,62268.07,0
100857,C192,36827.18,Debit,ATM,Mobile,2,93448.58,0
100858,C038,86409.22,Credit,Online,Desktop,2,20732.79,0
100859,C050,28181.63,Debit,Mobile,Mobile,1,73529.11,0
100860,C098,113512.81,Credit,ATM,Mobile,4,86658.46,1
100861,C082,3697.41,Credit,Online,Mobile,2,52136.13,0
100862,C030,154678.31,Credit,Online,Desktop,4,66959.65,1
100863,C079,53166.08,Debit,Online,Mobile,2,81520.03,0
100864,C091,23907.8,Credit,ATM,Mobile,2,26141.45,0
100865,C179,10979.63,Debit,Online,Mobile,1,29759.88,0
100866,C191,32617.85,Debit,ATM,Mobile,3,162.69,0
100867,C052,10818.22,Debit,Mobile,Mobile,3,96313.1,0
100868,C166,9095.98,Credit,ATM,Desktop,2,91762.73,0
100869,C079,48031.96,Debit,Online,Desktop,1,76480.37,0
100870,C030,37020.82,Credit,Online,Desktop,4,7999.69,1
100871,C106,55447.68,Debit,Mobile,Mobile,4,44805.54,1
100872,C051,132682.28,Credit,ATM,Mobile,2,10278.99,0
100873,C081,37992.16,Credit,ATM,Mobile,3,1690.43,0
100874,C133,43486.11,Debit,ATM,Mobile,1,61656.68,0
100875,C029,4695.01,Credit,ATM,Mobile,3,96086.86,0
100876,C132,63227.88,Debit,ATM,Desktop,4,90296.52,1
100877,C138,25533.38,Debit,Online,Mobile,3,69705.81,0
100878,C184,188019.29,Debit,ATM,Mobile,4,9754.39,1
100879,C145,86629.46,Debit,ATM,Mobile,1,27488.99,0
100880,C074,36957.57,Debit,Mobile,Mobile,1,32073.67,0
100881,C017,6575.11,Debit,ATM,Mobile,2,76338.69,0
100882,C084,98097.43,Debit,ATM,Desktop,2,80244.69,0
100883,C069,80417.2,Credit,ATM,Mobile,3,38572.1,0
100884,C034,10202.91,Credit,Mobile,Desktop,1,41846.61,0
100885,C006,17497.61,Credit,ATM,Desktop,1,4546.45,0
100886,C053,78850.29,Credit,Mobile,Desktop,2,28984.76,0
100887,C194,10242.38,Credit,Online,Mobile,4,45183.39,1
100888,C126,124901.11,Debit,ATM,Mobile,3,11786.61,0
100889,C043,27628.19,Debit,Mobile,Mobile,3,45381.42,0
100890,C115,4553.1,Credit,ATM,Desktop,2,85332.26,0
100891,C111,84572.72,Debit,ATM,Mobile,1,58173.97,0
100892,C151,23381.1,Debit,Mobile,Desktop,2,7985.09,0
100893,C183,37380.08,Debit,Online,Mobile,2,19247.96,0
100894,C080,5956.32,Debit,Online,Mobile,2,47506.98,0
100895,C095,129.37,Debit,ATM,Mobile,2,36212.57,0
100896,C118,50803.51,Debit,Online,Mobile,4,35936.83,1
100897,C144,36198.38,Debit,Online,Mobile,4,52973.82,1
100898,C008,45013.31,Debit,ATM,Desktop,1,58481.15,0
100899,C132,78931.82,Debit,ATM,Desktop,2,79706.47,0
100900,C104,52008.57,Debit,ATM,Desktop,4,34162.56,1
100901,C132,9604.87,Credit,ATM,Desktop,1,80566.08,0
100902,C184,22374.74,Debit,Mobile,Desktop,2,33927.26,0
100903,C025,118165.14,Debit,Online,Mobile,3,5637.76,0
100904,C195,73471.78,Credit,Mobile,Desktop,4,55463.35,1
100905,C096,40668.33,Debit,ATM,Mobile,1,58831.44,0
100906,C195,14761.86,Debit,Online,Mobile,3,93460.57,0
100907,C155,17981.14,Debit,ATM,Desktop,2,72633.53,0
100908,C093,65830.59,Credit,ATM,Mobile,2,91785.49,0
100909,C160,95248.96,Debit,ATM,Mobile,2,90843.89,0
100910,C178,55649.46,Debit,ATM,Mobile,4,60496.95,1
100911,C061,82913.02,Credit,Online,Mobile,1,52823.43,0
100912,C122,72762.1,Debit,Mobile,Desktop,3,55788.35,0
100913,C051,8108.54,Debit,Online,Mobile,1,97835.25,0
100914,C147,27577.59,Debit,ATM,Mobile,4,77339.45,1
100915,C021,8301.77,Debit,ATM,Mobile,1,10715.96,0
100916,C005,13409.37,Debit,ATM,Mobile,4,77865.0,1
100917,C092,101727.09,Debit,Online,Desktop,2,17136.75,0
100918,C170,32017.49,Credit,Online,Mobile,3,44790.32,0
100919,C061,38324.41,Debit,Mobile,Mobile,2,21124.92,0
100920,C022,9827.88,Debit,ATM,Desktop,1,68989.35,0
100921,C149,18718.08,Debit,Online,Desktop,2,87743.24,0
100922,C070,13084.23,Debit,Online,Desktop,3,29107.15,0
100923,C001,11545.32,Debit,Online,Desktop,2,8292.87,0
100924,C133,50800.14,Credit,Online,Mobile,3,29919.46,0
100925,C012,14845.15,Debit,Online,Mobile,3,67268.95,0
100926,C090,49985.72,Credit,Online,Mobile,2,32943.14,0
100927,C046,3011.64,Credit,ATM,Desktop,4,27883.41,1
100928,C034,7644.41,Debit,Online,Mobile,1,18525.08,0
100929,C177,16047.48,Credit,ATM,Mobile,4,49801.89,1
100930,C078,45446.76,Debit,Online,Mobile,4,27667.29,1
100931,C045,56326.09,Debit,Online,Mobile,2,73127.93,0
100932,C155,29234.1,Debit,Online,Mobile,1,7754.58,0
100933,C073,29510.66,Debit,Mobile,Desktop,1,66436.9,0
100934,C026,64461.44,Debit,Mobile,Mobile,4,23832.25,1
100935,C047,797.38,Debit,Mobile,Desktop,2,48979.0,0
100936,C121,20858.42,Debit,Online,Desktop,1,28680.38,0
100937,C056,85382.05,Debit,Online,Mobile,4,72304.59,1
100938,C094,46218.59,Debit,Online,Mobile,1,94536.17,0
100939,C107,20566.15,Credit,Mobile,Mobile,2,91715.97,0
100940,C063,117970.89,Credit,Online,Mobile,2,58384.28,0
100941,C048,74057.23,Debit,Mobile,Desktop,2,46314.77,0
100942,C061,15387.13,Debit,Mobile,Mobile,1,81848.22,0
100943,C081,51822.71,Credit,Online,Mobile,3,68364.3,0
100944,C026,45286.18,Credit,ATM,Mobile,1,18438.06,0
100945,C036,25640.37,Credit,ATM,Desktop,3,82109.83,0
100946,C001,22860.77,Debit,Mobile,Desktop,2,42945.55,0
100947,C008,21046.24,Debit,ATM,Desktop,4,18979.67,1
100948,C113,48006.36,Debit,Mobile,Desktop,3,28251.56,0
100949,C099,29206.56,Debit,Online,Mobile,2,26825.95,0
100950,C180,89148.84,Credit,Online,Desktop,2,51968.78,0
100951,C047,55372.96,Credit,Mobile,Mobile,3,23513.57,0
100952,C127,3624.86,Debit,Online,Desktop,4,12444.29,1
100953,C056,51105.93,Credit,Online,Desktop,2,12456.72,0
100954,C014,15814.19,Debit,Online,Mobile,3,58369.29,0
100955,C028,44924.01,Debit,ATM,Desktop,4,73502.45,1
100956,C078,56992.33,Debit,Online,Desktop,4,32221.15,1
100957,C130,13122.11,Credit,ATM,Mobile,2,3561.61,0
100958,C109,30519.28,Debit,Mobile,Desktop,1,12809.77,0
100959,C154,10556.11,Credit,Mobile,Mobile,1,91477.99,0
100960,C014,2687.92,Credit,ATM,Mobile,2,49405.01,0
100961,C187,23779.07,Debit,Online,Mobile,4,45411.92,1
100962,C056,22544.91,Debit,Online,Mobile,2,3901.11,0
100963,C115,269967.59,Credit,ATM,Desktop,3,72890.84,1
100964,C007,29561.34,Debit,Mobile,Desktop,1,52854.0,0
100965,C003,20290.97,Credit,ATM,Desktop,3,20287.89,0
100966,C111,43431.61,Credit,ATM,Mobile,2,11096.37,0
100967,C151,4647.85,Debit,Online,Desktop,2,38400.45,0
100968,C107,163070.56,Debit,Online,Mobile,4,83732.48,1
100969,C018,50387.42,Credit,Online,Desktop,4,86542.93,1
100970,C038,70291.77,Debit,Online,Mobile,4,60324.35,1
100971,C115,9345.28,Debit,Online,Mobile,3,72780.89,0
100972,C015,26337.41,Debit,Online,Desktop,4,11604.06,1
100973,C192,27468.72,Debit,ATM,Mobile,2,58853.79,0
100974,C119,86244.25,Credit,ATM,Mobile,4,66729.87,1
100975,C028,61.87,Credit,ATM,Mobile,1,20151.21,0
100976,C039,17894.72,Debit,ATM,Mobile,4,88027.46,1
100977,C185,198791.75,Debit,Online,Mobile,3,19580.17,1
100978,C017,32207.05,Debit,ATM,Mobile,1,31416.39,0
100979,C086,24105.94,Credit,ATM,Mobile,1,62093.63,0
100980,C126,6381.95,Debit,ATM,Mobile,1,63871.17,0
100981,C044,182800.54,Debit,Mobile,Desktop,3,69968.54,1
100982,C025,1011.48,Debit,Mobile,Mobile,2,11289.97,0
100983,C145,66814.34,Debit,Online,Desktop,4,84961.5,1
100984,C013,73180.33,Credit,Mobile,Desktop,1,53331.43,0
100985,C025,13963.0,Debit,Online,Mobile,1,47185.05,0
100986,C068,55669.82,Debit,Online,Desktop,1,98111.65,0
100987,C138,4876.74,Debit,ATM,Desktop,2,74063.79,0
100988,C067,14856.14,Credit,Online,Desktop,2,11888.8,0
100989,C109,77535.34,Debit,Online,Mobile,3,75678.26,0
100990,C146,100007.93,Debit,Online,Mobile,2,9615.37,0
100991,C111,46886.75,Debit,Online,Desktop,4,2844.31,1
100992,C111,35345.92,Credit,Online,Desktop,3,40422.23,0
100993,C034,8676.26,Debit,Online,Desktop,3,99358.46,0
100994,C111,3259.42,Debit,Mobile,Mobile,4,17570.91,1
100995,C008,6258.27,Debit,ATM,Desktop,4,67297.17,1
100996,C168,12896.93,Credit,Online,Desktop,4,17422.27,1
100997,C113,20902.79,Debit,Online,Mobile,3,72506.22,0
100998,C083,23975.19,Credit,Online,Mobile,3,50584.83,0
100999,C042,21257.0,Debit,Online,Mobile,3,68029.17,0
101000,C169,13659.73,Debit,ATM,Desktop,4,20367.03,1
